1,17:03:55~PM,07/9/20
2,17:03:55~PM,07/9/20
3,17:03:55~PM,07/9/20
4,17:03:55~PM,07/9/20
5,17:03:56~PM,07/9/20
6,17:03:56~PM,07/9/20
7,17:03:56~PM,07/9/20
8,17:03:56~PM,07/9/20
9,17:03:56~PM,07/9/20
10,17:03:56~PM,07/9/20
11,17:03:57~PM,07/9/20
12,17:03:57~PM,07/9/20
13,17:03:57~PM,07/9/20
14,17:03:57~PM,07/9/20
15,17:03:57~PM,07/9/20
16,17:03:58~PM,07/9/20
17,17:03:58~PM,07/9/20
18,17:03:58~PM,07/9/20
19,17:03:58~PM,07/9/20
20,17:03:58~PM,07/9/20
1,17:04:00~PM,07/9/20,Operator1
2,17:04:00~PM,07/9/20,Operator1
3,17:04:00~PM,07/9/20,Operator1
